Ian,What are you most excited about this course?​
Roberto,Any prior programming experience? (This class will go over C++)​
Gurtaj,Any prior programming experience? (This class will go over C++)​
Peang,What projects do you want to accomplish this semester?​
Collin,What are you most excited about this course?​
Vivian,Any prior programming experience? (This class will go over C++)​
Yoonsu,What year are you? Are you a transfer student? ​
Jose,What do you like most about the campus?​
Bryson,What are you most excited about this course?​
Raphael,What do you like most about the campus?​
Michael,What are you most excited about this course?​
Terrell,What was your most memorable class?  (Memorable can be good or bad)​
Jorge,What do you like most about the campus?​
Jasson,What was your most memorable class?  (Memorable can be good or bad)​
Edgar,What projects do you want to accomplish this semester?​
Alejandro,What year are you? Are you a transfer student? ​
Dat,Any prior programming experience? (This class will go over C++)​
Josiah,What do you like most about the campus?​
Everest,What year are you? Are you a transfer student? ​
Nathan,What are you most excited about this course?​
Ly ,What are you most excited about this course?​
Tamish ,What projects do you want to accomplish this semester?​
Evan,What was your most memorable class?  (Memorable can be good or bad)​
Jennifer,What do you like most about the campus?​
Thomas,What do you like most about the campus?​
Anthony,Any prior programming experience? (This class will go over C++)​
Jun,What do you like most about the campus?​
Zenobi,What year are you? Are you a transfer student? ​
Pratham,Any prior programming experience? (This class will go over C++)​
Adam,What do you like most about the campus?​
